{"Score": 92.80000000000817, "loss(10 frames avg)": 0.08670667782425881, "Epsilon": 0.1, "_runtime": 48, "_timestamp": 1639222718, "_step": 8}