{"Score": 160.20000000000502, "loss(10 frames avg)": 0.3282387599349022, "Frames": 58868, "Epsilon": 0.41133000000218684, "_runtime": 650, "_timestamp": 1639227944, "_step": 42}