{"Score": 151.80000000000388, "loss(10 frames avg)": 0.3993296608328819, "Frames": 101301, "Epsilon": 0.2158143636383075, "_runtime": 1184, "_timestamp": 1639228478, "_step": 74}