{"Score": 39.20000000000287, "loss(10 frames avg)": 0.09307010993361473, "Epsilon": 0.1, "_runtime": 447, "_timestamp": 1639225016, "_step": 73}