{"Score": 116.40000000000668, "loss(10 frames avg)": 0.08137019090354443, "Epsilon": 0.1, "_runtime": 442, "_timestamp": 1639224269, "_step": 73}