{"Score": 129.0000000000024, "loss(10 frames avg)": 0.137656419724226, "Epsilon": 0.1, "_runtime": 623, "_timestamp": 1639226414, "_step": 158}