{"Score": 168.60000000000508, "loss(10 frames avg)": 0.3172353819012642, "Frames": 13170, "Epsilon": 0.8683100000005993, "_runtime": 148, "_timestamp": 1639227289, "_step": 9}