{"Score": 174.70000000000348, "loss(10 frames avg)": 0.08840906508266926, "Epsilon": 0.1, "_runtime": 269, "_timestamp": 1639223115, "_step": 48}