{"Score": 154.00000000000497, "loss(10 frames avg)": 0.17612733393907548, "Epsilon": 0.8531900000006681, "_runtime": 160, "_timestamp": 1639226870, "_step": 10}