{"Score": -20.099999999999987, "loss(10 frames avg)": 0.06976603008806706, "Frames": 454, "Epsilon": 0.9954700000000206, "_runtime": 10, "_timestamp": 1639226975, "_step": 0}